tanggal,harga_idr,volume_pasar,curah_hujan_mm,sentimen_berita
2022-01-01,4295,1589151,302.9,-0.18
2022-01-02,4355,1381542,201.1,-0.1
2022-01-03,4121,1416507,206.9,-0.33
2022-01-04,4297,1436773,335.3,-0.4
2022-01-05,4234,1698598,339.3,-0.1
2022-01-06,4403,1385751,361.1,-0.35
2022-01-07,4367,1317180,234.6,-0.2
2022-01-08,4417,1525892,366.4,-0.29
2022-01-09,4141,1612412,128.7,-0.64
2022-01-10,4306,1619250,316.4,-0.35
2022-01-11,4385,1283049,447.1,-0.33
2022-01-12,4335,1477623,358.5,-0.26
2022-01-13,4367,1452028,253.5,-0.25
2022-01-14,4346,1538090,239.1,-0.1
2022-01-15,4404,1825672,325.4,-0.23
2022-01-16,4345,1705377,285.7,-0.46
2022-01-17,4273,1132162,375.1,-0.04
2022-01-18,4216,1342704,224.2,-0.44
2022-01-19,4396,1577880,300.1,-0.18
2022-01-20,4392,1618558,168.6,-0.39
2022-01-21,4407,1183008,376.4,-0.05
2022-01-22,4365,1585061,258.2,-0.05
2022-01-23,4417,1557583,175.2,-0.07
2022-01-24,4267,1631418,258.7,-0.25
2022-01-25,4515,1236411,267.5,-0.42
2022-01-26,4269,1574328,222.4,-0.52
2022-01-27,4274,1864775,271.0,-0.43
2022-01-28,4405,1265522,280.1,-0.12
2022-01-29,4350,1445455,113.2,-0.11
2022-01-30,4345,1735572,399.1,-0.49
2022-01-31,4379,1301290,328.8,-0.34
2022-02-01,4475,1924860,211.3,-0.46
2022-02-02,4370,2471717,107.7,-0.61
2022-02-03,4346,1864869,161.1,-0.03
2022-02-04,4316,2408608,202.4,-0.73
2022-02-05,4452,2449276,303.9,-0.04
2022-02-06,4309,1753270,291.5,-0.39
2022-02-07,4459,1921678,234.3,-0.21
2022-02-08,4395,2097460,224.0,-0.03
2022-02-09,4399,1947499,275.3,-0.47
2022-02-10,4446,2502337,254.9,-0.47
2022-02-11,4264,2032100,185.1,-0.53
2022-02-12,4408,1932709,290.4,-0.26
2022-02-13,4353,2410721,325.5,-0.33
2022-02-14,4313,2335557,342.0,-0.37
2022-02-15,4353,2506725,375.3,-0.3
2022-02-16,4351,2192298,226.9,-0.26
2022-02-17,4474,2300597,319.6,-0.48
2022-02-18,4184,2407934,281.3,-0.21
2022-02-19,4381,2425004,309.1,-0.39
2022-02-20,4509,1574946,123.8,-0.2
2022-02-21,4487,1916268,272.4,-0.19
2022-02-22,4407,2379097,317.9,-0.26
2022-02-23,4310,2108413,251.4,-0.53
2022-02-24,4261,2026469,201.7,-0.4
2022-02-25,4467,2389965,276.9,-0.24
2022-02-26,4360,2252333,261.3,-0.39
2022-02-27,4257,2245150,157.8,-0.15
2022-02-28,4446,2203907,250.1,-0.09
2022-03-01,4138,5630489,146.6,-0.44
2022-03-02,4094,4753122,305.5,-0.22
2022-03-03,4170,4516690,244.4,-0.27
2022-03-04,4208,4797793,288.2,-0.01
2022-03-05,4172,4859044,235.2,-0.58
2022-03-06,4182,5993510,185.8,-0.12
2022-03-07,4224,6205089,281.6,-0.18
2022-03-08,4358,5565422,285.7,-0.27
2022-03-09,4181,5513807,241.7,-0.46
2022-03-10,4033,6226792,246.5,-0.42
2022-03-11,4284,4504438,282.4,-0.57
2022-03-12,4139,6231800,285.4,-0.29
2022-03-13,4182,6188806,341.3,-0.46
2022-03-14,4231,5257689,273.3,-0.18
2022-03-15,4284,6085381,190.6,-0.4
2022-03-16,4155,6334025,237.3,-0.38
2022-03-17,4254,4920478,145.5,-0.39
2022-03-18,4398,5961333,216.0,-0.1
2022-03-19,3985,5684633,239.7,-0.16
2022-03-20,4269,5774766,209.4,-0.39
2022-03-21,4103,5495438,217.3,-0.37
2022-03-22,4264,7228049,250.8,-0.17
2022-03-23,4276,5763828,176.5,-0.4
2022-03-24,4344,5820222,94.8,-0.3
2022-03-25,4239,5760112,185.3,-0.4
2022-03-26,4351,6945627,287.1,-0.17
2022-03-27,4214,6702436,259.2,0.02
2022-03-28,4138,5981916,239.7,-0.43
2022-03-29,4194,5275456,253.9,-0.44
2022-03-30,4113,4953336,113.7,-0.36
2022-03-31,4130,5663433,143.4,-0.38
2022-04-01,3793,9990745,210.7,-0.37
2022-04-02,3910,8334945,209.8,-0.1
2022-04-03,3927,9397874,207.0,-0.35
2022-04-04,3979,9628175,168.4,0.02
2022-04-05,3896,10810054,159.7,-0.12
2022-04-06,3969,10016810,204.0,-0.26
2022-04-07,3893,10567408,189.9,-0.42
2022-04-08,3916,10864208,202.3,-0.55
2022-04-09,3845,10100068,140.4,-0.26
2022-04-10,3904,9110208,194.3,-0.28
2022-04-11,3777,8036439,181.6,-0.43
2022-04-12,3981,10127195,136.9,-0.83
2022-04-13,3828,10199036,234.7,-0.63
2022-04-14,3964,8844883,160.7,-0.7
2022-04-15,3889,10168326,208.7,-0.46
2022-04-16,3879,9802765,224.7,-0.58
2022-04-17,3905,10550023,172.2,-0.39
2022-04-18,3898,8889752,125.3,-0.2
2022-04-19,3866,11207118,237.3,-0.57
2022-04-20,3694,10499984,115.0,0.09
2022-04-21,3802,8490578,194.7,-0.49
2022-04-22,3861,11225492,273.3,-0.24
2022-04-23,3789,9712550,199.0,-0.43
2022-04-24,4028,9519314,120.4,-0.64
2022-04-25,3973,11512041,147.6,-0.58
2022-04-26,4078,9586651,193.3,-0.09
2022-04-27,3916,9332458,83.9,-0.21
2022-04-28,3856,11420951,208.9,-0.66
2022-04-29,4056,9321444,248.4,-0.15
2022-04-30,3901,8232788,209.3,-0.32
2022-05-01,4025,6106822,103.2,-0.38
2022-05-02,4092,6577860,89.6,-0.69
2022-05-03,4099,6941154,113.2,-0.51
2022-05-04,4169,8670100,92.4,-0.49
2022-05-05,3989,6481829,73.4,-0.53
2022-05-06,4153,6735375,108.4,-0.18
2022-05-07,3997,5538677,115.9,-0.28
2022-05-08,4126,5248279,69.3,-0.07
2022-05-09,3957,6979695,99.7,-0.38
2022-05-10,4060,6281312,107.7,0.03
2022-05-11,4114,5582018,117.4,-0.15
2022-05-12,4084,5756918,59.7,-0.44
2022-05-13,4141,6391973,132.4,-0.29
2022-05-14,4073,6841739,121.4,-0.29
2022-05-15,4100,7130122,77.8,-0.21
2022-05-16,4185,6376154,136.0,-0.55
2022-05-17,4267,5452859,101.8,-0.54
2022-05-18,3974,5474895,119.7,-0.44
2022-05-19,3949,5776163,105.6,-0.57
2022-05-20,4235,6330693,83.4,-0.24
2022-05-21,4218,6460876,117.6,-0.38
2022-05-22,4131,5803853,63.3,0.05
2022-05-23,4040,5089319,80.6,-0.11
2022-05-24,4063,6612725,97.7,-0.27
2022-05-25,4183,6606710,109.0,-0.5
2022-05-26,4000,6964733,105.4,-0.44
2022-05-27,4347,5168039,85.2,-0.24
2022-05-28,4006,4685895,76.8,-0.26
2022-05-29,4104,6581909,80.4,-0.48
2022-05-30,4193,5889815,113.0,-0.13
2022-05-31,4152,6154751,122.5,-0.39
2022-06-01,4227,2493219,28.2,-0.38
2022-06-02,4264,3837278,32.6,-0.35
2022-06-03,4110,3666044,44.8,-0.49
2022-06-04,4257,3316468,33.2,-0.48
2022-06-05,4145,4192390,45.2,-0.35
2022-06-06,4214,3351804,24.6,0.04
2022-06-07,4423,3291169,29.9,-0.04
2022-06-08,4236,3478040,47.6,-0.57
2022-06-09,4300,3309810,29.5,-0.54
2022-06-10,4041,3514210,40.6,-0.31
2022-06-11,4254,4698586,21.0,-0.15
2022-06-12,4419,3326299,32.1,-0.32
2022-06-13,4067,3045077,39.6,-0.4
2022-06-14,4224,3537598,40.1,-0.14
2022-06-15,4083,4012709,40.7,-0.5
2022-06-16,4078,4219736,39.1,-0.4
2022-06-17,4111,4186211,33.5,-0.37
2022-06-18,4071,3821602,43.4,-0.23
2022-06-19,4254,3149078,14.2,-0.03
2022-06-20,4282,3406912,46.1,-0.3
2022-06-21,4354,3399741,42.5,0.1
2022-06-22,4313,3037443,52.2,-0.27
2022-06-23,4213,3818009,32.1,-0.21
2022-06-24,4272,3229434,42.9,-0.22
2022-06-25,4121,3576673,47.5,-0.56
2022-06-26,4193,3239331,26.0,-0.44
2022-06-27,4296,3626527,37.2,-0.39
2022-06-28,4267,3422778,51.3,-0.12
2022-06-29,4372,3433622,31.3,-0.31
2022-06-30,4208,3649643,42.3,-0.07
2022-07-01,4305,3803782,22.1,-0.19
2022-07-02,4093,3257246,18.3,-0.26
2022-07-03,4293,2659161,16.6,-0.28
2022-07-04,4406,2745661,7.5,-0.29
2022-07-05,4120,1940468,10.9,-0.19
2022-07-06,4226,2908170,26.8,-0.38
2022-07-07,4381,3141582,19.0,-0.37
2022-07-08,4192,2837716,23.1,-0.08
2022-07-09,4166,2836361,13.3,-0.39
2022-07-10,4321,2419942,30.5,-0.38
2022-07-11,4251,2848169,15.1,-0.3
2022-07-12,4366,2612087,23.1,-0.24
2022-07-13,4337,2681133,24.5,-0.39
2022-07-14,4138,2656523,21.6,-0.41
2022-07-15,4245,2684987,28.2,-0.4
2022-07-16,4298,3109514,32.5,-0.37
2022-07-17,4303,2705792,21.3,-0.06
2022-07-18,4332,3190453,25.6,-0.28
2022-07-19,4114,2893759,13.9,-0.03
2022-07-20,4301,2862892,17.1,-0.27
2022-07-21,4478,2626037,23.2,-0.3
2022-07-22,4457,2273030,18.1,0.06
2022-07-23,4256,2958339,18.0,-0.46
2022-07-24,4254,3258111,19.5,-0.34
2022-07-25,4422,2874626,22.0,-0.22
2022-07-26,4526,2468780,17.3,-0.64
2022-07-27,4216,2086488,24.8,-0.32
2022-07-28,4240,3028890,19.5,-0.16
2022-07-29,4290,1979938,24.4,-0.39
2022-07-30,4242,2653190,16.0,0.06
2022-07-31,4258,2765476,11.2,-0.27
2022-08-01,4380,2272996,12.5,-0.18
2022-08-02,4414,2612609,17.5,-0.47
2022-08-03,4433,2126415,15.2,-0.28
2022-08-04,4365,2557433,14.3,0.01
2022-08-05,4489,2932539,8.3,-0.43
2022-08-06,4435,2414749,25.8,-0.16
2022-08-07,4366,2419369,14.2,-0.12
2022-08-08,4395,2650142,15.2,-0.14
2022-08-09,4355,2458769,9.5,-0.48
2022-08-10,4464,2766489,13.7,-0.4
2022-08-11,4359,2504891,7.3,-0.62
2022-08-12,4412,2202580,11.0,-0.18
2022-08-13,4351,3126472,17.9,-0.42
2022-08-14,4424,2876259,9.1,-0.3
2022-08-15,4588,1855223,15.6,-0.35
2022-08-16,4250,2248346,20.1,0.17
2022-08-17,4373,2954058,16.6,-0.27
2022-08-18,4443,2412152,16.4,-0.23
2022-08-19,4362,1760975,17.0,-0.6
2022-08-20,4411,2224852,14.1,-0.24
2022-08-21,4428,2571947,6.7,-0.17
2022-08-22,4307,2748691,13.3,-0.43
2022-08-23,4467,2453331,16.4,-0.05
2022-08-24,4341,2782704,13.6,-0.35
2022-08-25,4466,2169685,15.2,-0.21
2022-08-26,4350,2417750,15.0,-0.41
2022-08-27,4450,2667120,22.3,-0.08
2022-08-28,4425,2307216,15.4,0.07
2022-08-29,4414,2045478,13.2,-0.45
2022-08-30,4292,2148200,14.6,-0.78
2022-08-31,4348,2381885,16.3,-0.77
2022-09-01,4123,4488485,30.2,-0.64
2022-09-02,4386,4040288,33.1,-0.22
2022-09-03,4447,4191935,32.6,-0.15
2022-09-04,4387,4588753,19.1,-0.43
2022-09-05,4345,4901283,21.6,-0.11
2022-09-06,4447,4261127,34.5,-0.21
2022-09-07,4274,4774852,32.9,-0.23
2022-09-08,4368,4276151,41.2,-0.65
2022-09-09,4267,5517619,31.5,-0.17
2022-09-10,4371,5474625,40.9,-0.09
2022-09-11,4333,4517745,29.0,-0.16
2022-09-12,4551,4374649,32.3,0.01
2022-09-13,4351,4100399,27.2,0.06
2022-09-14,4584,4921071,30.2,-0.48
2022-09-15,4344,5047930,23.1,-0.15
2022-09-16,4293,4638545,27.0,-0.23
2022-09-17,4468,4904771,19.8,-0.23
2022-09-18,4215,5143771,37.1,-0.39
2022-09-19,4245,4447900,29.4,-0.31
2022-09-20,4464,5180559,23.9,-0.35
2022-09-21,4324,5022141,25.3,-0.53
2022-09-22,4393,5032848,30.2,-0.13
2022-09-23,4185,4404617,17.9,-0.46
2022-09-24,4314,5327410,23.0,-0.6
2022-09-25,4487,4328465,34.5,-0.04
2022-09-26,4405,4984264,20.3,-0.18
2022-09-27,4377,5388523,28.9,-0.2
2022-09-28,4495,4111517,30.9,-0.35
2022-09-29,4457,3629260,35.1,-0.2
2022-09-30,4332,5170429,18.7,-0.4
2022-10-01,4218,4510491,54.2,-0.5
2022-10-02,4244,5526626,94.1,-0.16
2022-10-03,4398,5803648,74.2,-0.23
2022-10-04,4331,5159715,55.5,-0.32
2022-10-05,4209,5653398,50.6,-0.38
2022-10-06,4499,4936462,93.4,-0.39
2022-10-07,4471,5251597,80.3,0.0
2022-10-08,4469,5994744,68.8,-0.02
2022-10-09,4522,4695377,71.3,-0.47
2022-10-10,4297,4886529,80.6,-0.49
2022-10-11,4251,5843231,79.9,-0.34
2022-10-12,4365,5703553,78.7,-0.19
2022-10-13,4291,5318750,65.9,-0.43
2022-10-14,4437,4201508,84.3,-0.28
2022-10-15,4517,3736849,55.7,-0.26
2022-10-16,4473,4899387,89.5,-0.44
2022-10-17,4499,4384518,68.5,-0.23
2022-10-18,4367,6059540,73.8,-0.18
2022-10-19,4386,5907766,51.6,-0.42
2022-10-20,4532,5378100,101.0,-0.13
2022-10-21,4433,6167811,70.1,-0.25
2022-10-22,4290,5199639,69.9,-0.68
2022-10-23,4664,5187776,102.9,-0.13
2022-10-24,4257,5916909,78.9,0.09
2022-10-25,4436,5461874,79.1,-0.1
2022-10-26,4435,4628050,44.1,-0.41
2022-10-27,4497,5617565,59.2,-0.47
2022-10-28,4491,5395011,73.6,-0.33
2022-10-29,4577,5276680,96.1,-0.07
2022-10-30,4342,5758763,99.5,-0.55
2022-10-31,4363,4018656,103.4,-0.51
2022-11-01,4620,3300282,255.3,0.11
2022-11-02,4514,2424619,151.4,-0.3
2022-11-03,4391,3874021,221.5,-0.34
2022-11-04,4629,3355666,186.0,-0.0
2022-11-05,4419,2837112,246.7,-0.14
2022-11-06,4592,2863678,215.2,-0.15
2022-11-07,4649,2976636,172.6,-0.02
2022-11-08,4579,2836892,221.7,0.1
2022-11-09,4402,2870451,227.7,-0.04
2022-11-10,4424,3022607,257.6,-0.27
2022-11-11,4407,2733658,207.5,-0.23
2022-11-12,4565,2859930,166.9,-0.19
2022-11-13,4360,2771047,159.6,-0.15
2022-11-14,4544,3579287,168.3,0.06
2022-11-15,4503,3088524,161.4,-0.34
2022-11-16,4498,3375599,192.7,-0.18
2022-11-17,4522,3187712,147.2,0.12
2022-11-18,4397,3708341,232.9,-0.02
2022-11-19,4566,3026324,130.6,-0.38
2022-11-20,4525,3101839,164.9,-0.19
2022-11-21,4415,3434120,206.6,-0.41
2022-11-22,4543,2849572,147.9,-0.57
2022-11-23,4691,3666118,220.7,-0.2
2022-11-24,4394,2779009,263.9,-0.41
2022-11-25,4551,3522504,290.9,-0.31
2022-11-26,4483,2824871,138.4,-0.17
2022-11-27,4572,3367279,153.4,-0.18
2022-11-28,4511,2813742,79.5,-0.22
2022-11-29,4403,2830624,190.8,-0.55
2022-11-30,4408,2986396,99.9,-0.47
2022-12-01,4471,1522023,262.6,-0.04
2022-12-02,4573,1536118,282.1,-0.13
2022-12-03,4626,1430726,367.1,-0.29
2022-12-04,4638,1571930,288.8,-0.29
2022-12-05,4620,1467672,197.2,-0.17
2022-12-06,4721,1471279,181.3,-0.33
2022-12-07,4579,1372302,343.3,-0.15
2022-12-08,4610,1543014,228.7,-0.48
2022-12-09,4508,1672757,295.0,-0.19
2022-12-10,4698,1711595,176.9,-0.29
2022-12-11,4727,1407692,321.7,-0.36
2022-12-12,4579,1249753,234.0,0.09
2022-12-13,4602,1361766,252.3,-0.15
2022-12-14,4633,1550125,229.5,0.17
2022-12-15,4708,1249189,240.1,-0.04
2022-12-16,4632,1352747,245.3,-0.17
2022-12-17,4513,1267422,240.4,-0.28
2022-12-18,4561,1484960,339.9,-0.31
2022-12-19,4659,1443179,211.5,-0.18
2022-12-20,4422,1154825,187.3,-0.18
2022-12-21,4587,1731653,94.6,-0.5
2022-12-22,4377,1416264,340.1,0.06
2022-12-23,4551,1380300,222.3,-0.33
2022-12-24,4637,1400048,341.0,-0.21
2022-12-25,4662,1199682,251.1,-0.29
2022-12-26,4528,1266161,322.4,-0.1
2022-12-27,4677,1185651,270.6,-0.21
2022-12-28,4576,2013120,309.9,-0.2
2022-12-29,4570,1436782,298.3,0.15
2022-12-30,4507,1207974,268.0,-0.61
2022-12-31,4656,1488819,330.7,-0.19
2023-01-01,4654,1369561,86.4,-0.6
2023-01-02,4574,1599600,206.0,-0.29
2023-01-03,4776,1637571,319.2,-0.46
2023-01-04,4853,1248972,321.1,-0.31
2023-01-05,4792,1503584,260.4,-0.08
2023-01-06,4702,1801247,284.7,-0.26
2023-01-07,4760,1114675,247.3,-0.21
2023-01-08,4615,1490386,271.9,-0.24
2023-01-09,4794,1564616,253.3,0.12
2023-01-10,4749,1562268,219.5,-0.42
2023-01-11,4843,1430091,298.3,-0.03
2023-01-12,4694,1303831,369.2,-0.18
2023-01-13,4566,1666659,368.3,-0.19
2023-01-14,4807,1406307,244.3,-0.1
2023-01-15,4771,1664957,202.2,-0.06
2023-01-16,4777,1615788,297.8,-0.25
2023-01-17,4727,1865024,285.1,-0.01
2023-01-18,4525,1255546,340.7,-0.35
2023-01-19,4578,1513356,241.6,0.03
2023-01-20,4841,1587412,339.8,-0.13
2023-01-21,4630,1804451,299.4,-0.04
2023-01-22,4668,1536564,253.5,-0.3
2023-01-23,4914,1783027,352.3,-0.24
2023-01-24,4704,1713781,156.1,-0.2
2023-01-25,4704,1624014,397.5,-0.4
2023-01-26,4739,1250372,158.2,-0.17
2023-01-27,4845,1261223,322.7,-0.09
2023-01-28,4689,1781458,408.7,-0.16
2023-01-29,4752,1424351,283.1,0.14
2023-01-30,4635,1550991,247.0,-0.2
2023-01-31,4672,1299643,131.7,-0.06
2023-02-01,4838,1958110,210.3,-0.02
2023-02-02,4852,2180392,212.1,0.1
2023-02-03,4731,2159957,209.3,-0.52
2023-02-04,4709,2191265,247.3,0.02
2023-02-05,4825,2168869,242.7,-0.26
2023-02-06,4759,1769008,263.0,-0.35
2023-02-07,4832,2060620,329.6,-0.07
2023-02-08,4802,2173156,124.5,-0.13
2023-02-09,4711,2239585,307.0,-0.53
2023-02-10,4856,2463817,231.6,-0.29
2023-02-11,4963,2305332,276.2,0.06
2023-02-12,4647,2234836,166.2,-0.35
2023-02-13,4940,2003221,446.2,-0.09
2023-02-14,4725,2264805,218.9,0.14
2023-02-15,4779,2152772,219.7,-0.13
2023-02-16,4785,2120705,305.4,-0.55
2023-02-17,4726,1925934,288.5,-0.1
2023-02-18,4776,2032454,133.5,-0.03
2023-02-19,4988,2053098,201.7,-0.17
2023-02-20,4643,2177008,347.0,0.11
2023-02-21,4798,1876953,290.4,-0.28
2023-02-22,4867,2239402,245.6,-0.1
2023-02-23,4913,1647561,311.4,-0.15
2023-02-24,4722,1904561,175.4,-0.12
2023-02-25,4809,1927282,132.6,-0.27
2023-02-26,4723,1515208,317.1,-0.14
2023-02-27,4839,2263575,182.2,-0.14
2023-02-28,4584,1760485,208.8,-0.41
2023-03-01,5395,6267063,200.9,0.18
2023-03-02,5277,6755133,247.9,0.21
2023-03-03,5228,4889800,221.5,0.27
2023-03-04,5224,5738298,264.0,-0.36
2023-03-05,5239,4993843,262.8,0.07
2023-03-06,5144,4841767,241.6,-0.06
2023-03-07,5331,6609058,253.8,-0.03
2023-03-08,5226,5924755,312.6,0.13
2023-03-09,5382,5658708,239.7,0.13
2023-03-10,5320,6998199,218.4,0.08
2023-03-11,5270,6770513,131.0,-0.41
2023-03-12,5269,5180498,223.0,-0.09
2023-03-13,5220,5476098,260.8,-0.28
2023-03-14,5330,5061730,195.5,0.12
2023-03-15,5185,5362000,373.4,-0.07
2023-03-16,5357,6500187,260.4,0.16
2023-03-17,5149,5235703,206.7,0.14
2023-03-18,5195,5736155,244.9,0.18
2023-03-19,5075,5226076,242.7,0.31
2023-03-20,5163,5608071,268.8,0.25
2023-03-21,5083,5923797,196.4,0.08
2023-03-22,5183,7896825,147.3,-0.16
2023-03-23,5198,6282250,261.2,-0.17
2023-03-24,5118,5328697,171.8,-0.08
2023-03-25,5213,5781144,259.2,0.02
2023-03-26,5057,5449786,186.0,-0.12
2023-03-27,5360,4883823,356.4,-0.15
2023-03-28,5304,4975596,265.9,-0.09
2023-03-29,5315,6833506,297.5,-0.12
2023-03-30,5067,5512965,206.9,-0.29
2023-03-31,5246,6087990,204.3,-0.03
2023-04-01,5126,9907448,223.3,-0.16
2023-04-02,5034,7972608,125.7,-0.03
2023-04-03,5050,9332182,147.2,-0.17
2023-04-04,4860,8303500,164.0,-0.04
2023-04-05,4988,9535527,162.0,-0.23
2023-04-06,5046,10006111,97.4,-0.29
2023-04-07,5066,8622089,132.1,0.3
2023-04-08,5049,8871779,212.8,0.02
2023-04-09,5027,8236964,179.4,-0.11
2023-04-10,4983,9686862,176.6,-0.1
2023-04-11,5051,10517551,114.1,0.17
2023-04-12,4936,9346686,198.4,0.02
2023-04-13,5026,8690310,228.1,-0.2
2023-04-14,5072,10431239,170.3,0.35
2023-04-15,4959,11551697,98.0,-0.2
2023-04-16,5104,9069196,208.0,-0.14
2023-04-17,5102,10828622,159.9,-0.14
2023-04-18,4927,9284393,146.9,0.28
2023-04-19,5157,9024626,195.5,0.03
2023-04-20,5001,7966960,141.4,-0.09
2023-04-21,5070,9019732,162.7,-0.06
2023-04-22,5127,8460361,222.2,0.17
2023-04-23,5105,8947075,158.5,-0.31
2023-04-24,5064,6948452,209.9,-0.08
2023-04-25,5046,9678799,225.0,0.05
2023-04-26,5167,11298000,159.6,0.15
2023-04-27,5121,9798852,124.8,0.32
2023-04-28,4916,8006481,196.8,-0.05
2023-04-29,5033,7938194,181.2,-0.19
2023-04-30,4929,7972460,196.1,-0.41
2023-05-01,5107,6819266,38.9,-0.16
2023-05-02,5030,6020047,96.4,-0.14
2023-05-03,5039,5022121,106.7,-0.09
2023-05-04,5192,4966630,101.6,-0.25
2023-05-05,5160,7633955,29.8,0.08
2023-05-06,5144,6335698,49.7,0.03
2023-05-07,5023,6053063,70.8,-0.11
2023-05-08,5194,5960447,89.1,0.17
2023-05-09,4915,6718476,134.8,-0.0
2023-05-10,5078,6942462,95.2,-0.17
2023-05-11,4971,6391550,78.4,-0.16
2023-05-12,5071,5293065,86.9,-0.17
2023-05-13,5252,6007749,61.6,-0.11
2023-05-14,5055,6815771,52.8,-0.07
2023-05-15,5109,6279259,108.2,-0.4
2023-05-16,5222,6662721,74.3,0.05
2023-05-17,5067,5316459,72.2,0.49
2023-05-18,5066,5767784,86.7,-0.15
2023-05-19,5048,6482655,118.6,-0.0
2023-05-20,5132,5794442,90.4,-0.28
2023-05-21,5072,5981136,62.0,0.06
2023-05-22,5158,6527474,83.3,-0.41
2023-05-23,5049,5107617,58.5,0.11
2023-05-24,5041,6738507,98.4,0.09
2023-05-25,5043,6764998,80.9,-0.47
2023-05-26,5082,6638605,103.2,-0.12
2023-05-27,5061,5916047,24.4,0.12
2023-05-28,5012,5140836,84.7,-0.41
2023-05-29,4973,5005851,92.1,-0.18
2023-05-30,5065,6659682,89.9,-0.05
2023-05-31,5184,6743368,114.0,-0.09
2023-06-01,5493,3696064,28.3,-0.09
2023-06-02,5290,3516971,48.8,0.02
2023-06-03,5313,3473240,37.7,-0.02
2023-06-04,5276,3261322,40.5,0.02
2023-06-05,5395,3517393,36.5,-0.1
2023-06-06,5514,3307307,48.4,-0.11
2023-06-07,5240,4074017,45.3,0.24
2023-06-08,5352,3350552,24.7,0.01
2023-06-09,5283,3376956,48.1,-0.02
2023-06-10,5419,4476418,13.8,-0.24
2023-06-11,5294,3920458,48.9,-0.25
2023-06-12,5236,3395511,62.3,0.32
2023-06-13,5314,4143346,35.0,-0.22
2023-06-14,5188,2755687,54.8,0.06
2023-06-15,5237,3295123,23.8,0.03
2023-06-16,5526,3364997,38.3,0.15
2023-06-17,5441,3573973,23.1,-0.06
2023-06-18,5307,3263173,29.7,0.01
2023-06-19,5257,4025861,46.9,0.21
2023-06-20,5562,3871158,31.3,-0.22
2023-06-21,5309,3065360,24.7,-0.06
2023-06-22,5471,3018067,29.0,0.05
2023-06-23,5365,4162667,30.7,0.03
2023-06-24,5333,4101233,34.9,-0.02
2023-06-25,5304,3899760,13.2,-0.36
2023-06-26,5185,3702659,43.4,-0.08
2023-06-27,5378,3441546,12.7,-0.18
2023-06-28,5260,3306199,50.8,-0.15
2023-06-29,5481,2905827,20.6,-0.09
2023-06-30,5290,3312188,47.3,0.02
2023-07-01,5524,2675106,23.3,-0.1
2023-07-02,5432,2313444,15.1,0.24
2023-07-03,5392,2755614,24.5,-0.27
2023-07-04,5541,2555611,24.6,0.08
2023-07-05,5453,2420762,27.1,0.25
2023-07-06,5576,2069317,18.4,-0.01
2023-07-07,5622,2881024,11.9,0.28
2023-07-08,5626,2975951,9.0,0.2
2023-07-09,5448,2568460,27.3,-0.02
2023-07-10,5786,2428170,20.7,0.05
2023-07-11,5367,3104248,20.2,0.04
2023-07-12,5742,2231800,20.6,0.09
2023-07-13,5561,2461087,22.4,-0.33
2023-07-14,5560,2627896,28.0,-0.13
2023-07-15,5442,2732204,24.7,-0.29
2023-07-16,5645,2654402,15.6,0.03
2023-07-17,5401,2659315,23.6,-0.12
2023-07-18,5340,2707997,25.1,-0.12
2023-07-19,5721,3432075,18.5,0.04
2023-07-20,5343,2816201,18.0,-0.21
2023-07-21,5626,2913024,22.7,0.13
2023-07-22,5642,2342116,23.4,-0.08
2023-07-23,5555,2525282,13.1,-0.04
2023-07-24,5472,3035825,22.8,-0.31
2023-07-25,5467,3051015,25.4,-0.02
2023-07-26,5544,2509068,18.5,0.11
2023-07-27,5660,2586277,15.0,0.2
2023-07-28,5596,2887275,16.3,0.11
2023-07-29,5622,2434539,16.5,-0.04
2023-07-30,5473,2655352,22.8,0.08
2023-07-31,5523,2360434,12.9,0.17
2023-08-01,5699,2530413,11.9,0.2
2023-08-02,5727,2414065,12.6,-0.32
2023-08-03,6100,2402901,20.1,-0.27
2023-08-04,5748,2499298,6.6,0.04
2023-08-05,5857,2922810,15.6,-0.14
2023-08-06,5667,1754560,8.3,-0.12
2023-08-07,5925,2165855,7.4,-0.06
2023-08-08,5845,2822776,9.0,0.21
2023-08-09,5821,2604876,13.5,0.12
2023-08-10,5838,2374246,12.8,-0.15
2023-08-11,5552,2746535,19.7,-0.07
2023-08-12,5743,2558932,14.2,0.39
2023-08-13,5896,2036073,11.8,0.34
2023-08-14,5738,2346544,13.7,0.37
2023-08-15,5660,2660618,8.7,-0.24
2023-08-16,5684,2256644,10.3,-0.15
2023-08-17,5876,3064101,11.3,-0.03
2023-08-18,5807,2637169,14.6,0.05
2023-08-19,5694,2461930,18.6,0.04
2023-08-20,5898,2378913,17.3,0.31
2023-08-21,5806,2658413,12.2,-0.16
2023-08-22,5739,2239674,16.0,0.15
2023-08-23,5995,2854320,13.0,0.27
2023-08-24,5916,2863534,18.7,0.28
2023-08-25,5914,2765725,20.2,0.04
2023-08-26,5854,2578262,17.8,0.04
2023-08-27,5919,2632151,14.8,0.53
2023-08-28,5687,1792812,6.0,0.19
2023-08-29,5775,2623395,6.5,0.04
2023-08-30,5866,2263498,16.8,0.04
2023-08-31,5732,2697964,21.9,0.09
2023-09-01,6224,3818527,33.1,-0.13
2023-09-02,5964,4180903,33.0,-0.02
2023-09-03,6179,5013115,32.5,0.1
2023-09-04,6294,5393837,24.4,0.03
2023-09-05,6166,5096001,35.0,0.38
2023-09-06,6111,4477166,37.2,0.29
2023-09-07,6090,4372323,37.5,-0.01
2023-09-08,6107,5323913,28.4,-0.02
2023-09-09,6275,3986883,30.5,0.13
2023-09-10,6140,4369754,28.1,0.13
2023-09-11,6096,5139460,24.5,0.07
2023-09-12,6225,4827809,28.8,-0.15
2023-09-13,6241,4228179,20.8,0.47
2023-09-14,6074,5244556,19.3,-0.15
2023-09-15,6347,4114003,22.9,0.18
2023-09-16,6150,4965757,31.8,0.09
2023-09-17,6179,4707036,37.6,0.1
2023-09-18,6146,5647939,28.4,0.2
2023-09-19,6210,5226027,49.4,0.27
2023-09-20,6264,3639088,35.5,0.05
2023-09-21,6135,4942720,33.7,-0.0
2023-09-22,6192,5447712,31.7,0.05
2023-09-23,6300,4709380,16.8,0.15
2023-09-24,6320,5278914,23.7,0.27
2023-09-25,6196,5192837,23.2,-0.07
2023-09-26,6219,5692996,28.4,0.2
2023-09-27,6177,4885119,31.7,0.29
2023-09-28,6077,5452184,17.5,0.29
2023-09-29,6366,4109656,33.3,0.02
2023-09-30,6058,5422776,41.8,0.23
2023-10-01,6516,5084418,117.3,0.63
2023-10-02,6342,4732282,60.2,0.54
2023-10-03,6593,5408826,90.1,0.67
2023-10-04,6325,4695898,95.7,0.26
2023-10-05,6502,5489571,92.5,0.38
2023-10-06,6497,5935837,79.0,0.32
2023-10-07,6443,4542569,89.9,0.23
2023-10-08,6500,5081228,73.4,0.08
2023-10-09,6517,5505202,101.6,0.35
2023-10-10,6474,5006578,65.5,0.18
2023-10-11,6539,4780320,59.1,0.14
2023-10-12,6387,4818116,81.2,0.2
2023-10-13,6486,5378959,102.0,0.3
2023-10-14,6440,4764975,86.0,-0.08
2023-10-15,6607,5762253,57.6,0.18
2023-10-16,6478,5920932,100.0,0.32
2023-10-17,6450,4952461,96.0,0.46
2023-10-18,6450,4482484,63.5,0.41
2023-10-19,6544,5573279,96.8,0.38
2023-10-20,6387,5611351,70.9,0.07
2023-10-21,6646,5572533,70.6,-0.15
2023-10-22,6601,5083686,36.1,0.29
2023-10-23,6517,5526305,53.1,0.26
2023-10-24,6495,5603219,74.9,0.63
2023-10-25,6523,5001572,57.2,0.41
2023-10-26,6453,4454245,99.3,0.39
2023-10-27,6510,5826417,110.8,0.18
2023-10-28,6517,5384994,68.7,0.37
2023-10-29,6493,4705864,97.2,0.05
2023-10-30,6580,5190128,67.1,0.38
2023-10-31,6417,4842055,88.8,0.23
2023-11-01,6664,3063245,199.2,0.23
2023-11-02,6484,2967845,188.2,-0.13
2023-11-03,6596,3956727,179.2,0.37
2023-11-04,6616,2820362,165.1,0.16
2023-11-05,6534,2991783,197.9,0.41
2023-11-06,6728,2452582,137.6,0.64
2023-11-07,6529,3119742,179.9,0.43
2023-11-08,6554,2843833,248.7,0.36
2023-11-09,6498,3284173,166.5,0.4
2023-11-10,6525,3243854,134.7,0.28
2023-11-11,6640,3492171,229.9,0.1
2023-11-12,6582,3199708,147.4,0.43
2023-11-13,6417,3839152,222.8,0.17
2023-11-14,6574,2895926,317.4,0.32
2023-11-15,6449,3170441,267.5,0.44
2023-11-16,6457,3270646,145.8,0.22
2023-11-17,6557,3882432,268.6,0.2
2023-11-18,6721,2861112,257.4,0.49
2023-11-19,6563,2759260,195.7,0.49
2023-11-20,6505,3238680,94.5,0.36
2023-11-21,6583,3160351,247.6,0.28
2023-11-22,6678,3690699,244.0,0.19
2023-11-23,6700,2797326,254.1,0.23
2023-11-24,6737,2505613,244.6,0.46
2023-11-25,6659,3723948,173.5,0.17
2023-11-26,6456,2258102,192.8,0.65
2023-11-27,6619,2878202,212.6,0.19
2023-11-28,6592,3044715,151.2,0.13
2023-11-29,6513,3672990,194.4,0.1
2023-11-30,6587,3548077,225.9,0.32
2023-12-01,6474,1758188,289.5,0.23
2023-12-02,6709,1154478,141.7,0.0
2023-12-03,6848,1366602,202.7,0.04
2023-12-04,6798,1549182,272.6,0.32
2023-12-05,6669,1513924,304.0,0.46
2023-12-06,6672,1482617,407.8,0.18
2023-12-07,6764,1640761,265.2,0.16
2023-12-08,6635,1397240,309.5,0.03
2023-12-09,6822,1293056,212.9,0.36
2023-12-10,6680,1738552,171.1,0.57
2023-12-11,6852,1083424,166.7,0.21
2023-12-12,6835,1388339,92.0,0.39
2023-12-13,6789,1547570,278.0,-0.15
2023-12-14,6779,1518669,249.4,0.35
2023-12-15,6795,1416765,222.7,0.2
2023-12-16,6695,1622147,194.2,0.34
2023-12-17,6776,1166363,235.5,-0.14
2023-12-18,6848,1426097,181.3,0.5
2023-12-19,6824,1596262,217.0,0.25
2023-12-20,6832,1222708,336.8,0.16
2023-12-21,6796,1564085,265.0,0.64
2023-12-22,6754,1264913,300.0,0.26
2023-12-23,6579,1312755,277.1,0.25
2023-12-24,6910,1256059,180.0,0.5
2023-12-25,6812,1423978,243.4,-0.1
2023-12-26,6704,1506660,183.1,0.15
2023-12-27,6610,1432621,237.0,0.65
2023-12-28,6652,1554325,292.8,0.32
2023-12-29,6715,1405845,177.3,0.1
2023-12-30,6815,1320250,271.7,0.45
2023-12-31,6838,1398126,271.9,0.26
2024-01-01,6061,1517841,181.7,0.28
2024-01-02,6235,1390815,328.5,0.07
2024-01-03,6065,1742267,221.9,0.07
2024-01-04,6007,1638530,421.1,0.21
2024-01-05,6068,1268705,326.7,0.26
2024-01-06,6012,1683042,144.5,0.04
2024-01-07,6036,1540954,254.0,-0.26
2024-01-08,6244,1436487,291.8,0.23
2024-01-09,6086,1803424,264.9,0.1
2024-01-10,6019,1573953,183.4,0.31
2024-01-11,5949,1387455,150.2,0.03
2024-01-12,6233,1516932,270.9,0.21
2024-01-13,6235,1657608,306.2,-0.02
2024-01-14,5988,1564232,321.4,0.57
2024-01-15,6184,1304248,335.2,0.41
2024-01-16,6034,1298616,268.9,0.22
2024-01-17,5987,1291025,54.8,-0.19
2024-01-18,6172,1394127,163.1,0.11
2024-01-19,6101,1542248,267.6,0.5
2024-01-20,6096,1386472,322.9,0.29
2024-01-21,6216,1169339,194.1,0.42
2024-01-22,5980,1576981,325.0,0.2
2024-01-23,6111,1548660,267.0,0.17
2024-01-24,6209,1400724,244.5,0.28
2024-01-25,6118,1712930,289.8,0.21
2024-01-26,6241,1866025,163.8,-0.03
2024-01-27,6160,1583338,272.3,0.06
2024-01-28,6159,1651299,303.0,0.37
2024-01-29,6008,1556150,229.5,0.1
2024-01-30,6036,1150785,208.8,0.02
2024-01-31,6046,1894752,348.1,-0.01
2024-02-01,7276,2282596,205.2,0.66
2024-02-02,7381,1999375,232.1,0.72
2024-02-03,7226,2382246,182.4,0.6
2024-02-04,7115,2360267,78.4,0.5
2024-02-05,7178,1905347,216.9,0.17
2024-02-06,7211,2159254,252.9,0.53
2024-02-07,7251,1735007,308.9,0.39
2024-02-08,7235,2385689,197.6,0.26
2024-02-09,7148,2130369,440.2,0.34
2024-02-10,7353,2291880,269.3,0.57
2024-02-11,7190,2095874,117.3,0.47
2024-02-12,7185,1875302,177.3,0.09
2024-02-13,7196,1926749,259.3,0.67
2024-02-14,7254,2635225,171.6,0.59
2024-02-15,7201,2583555,286.1,0.4
2024-02-16,7368,2031511,320.5,0.39
2024-02-17,7512,2229723,284.6,0.7
2024-02-18,7096,1779489,216.5,0.54
2024-02-19,7339,2709071,350.5,0.36
2024-02-20,7374,2137305,257.8,0.18
2024-02-21,7396,2206027,285.5,0.61
2024-02-22,7204,2331809,208.0,0.38
2024-02-23,7296,2028077,305.1,0.17
2024-02-24,7358,1823195,239.1,0.32
2024-02-25,7158,2187778,326.0,0.49
2024-02-26,7182,2104503,310.0,0.28
2024-02-27,7146,2117797,417.4,0.4
2024-02-28,7171,1760905,286.0,0.31
2024-02-29,7368,2021256,242.8,0.59
2024-03-01,7023,5477649,220.8,0.52
2024-03-02,6997,5824161,267.0,0.46
2024-03-03,6938,6689820,26.5,0.56
2024-03-04,6828,5766213,231.1,-0.11
2024-03-05,6905,6068028,162.0,0.55
2024-03-06,6815,6541354,135.5,0.27
2024-03-07,6957,5582922,188.0,0.48
2024-03-08,6939,6313061,226.6,0.55
2024-03-09,7028,5623610,168.4,0.39
2024-03-10,6972,6715757,312.6,0.31
2024-03-11,6723,6291708,240.5,0.47
2024-03-12,6870,7213970,229.2,0.47
2024-03-13,6750,5156019,238.6,0.14
2024-03-14,7027,7363754,221.2,0.36
2024-03-15,6889,6437760,230.2,0.64
2024-03-16,6756,4339811,246.7,0.46
2024-03-17,7013,6621938,235.1,0.19
2024-03-18,6790,6820661,231.3,0.35
2024-03-19,6933,6482426,271.1,0.6
2024-03-20,6850,5497834,220.3,0.48
2024-03-21,6977,5102436,174.3,0.57
2024-03-22,7047,5409723,244.9,0.54
2024-03-23,6810,6194592,228.1,0.26
2024-03-24,6748,6808047,341.7,0.21
2024-03-25,6961,4821808,208.7,0.28
2024-03-26,6965,5016532,205.5,0.22
2024-03-27,6981,6152103,227.9,0.49
2024-03-28,6994,5646414,320.6,0.16
2024-03-29,7048,7026421,319.3,0.74
2024-03-30,6935,7500208,247.7,0.22
2024-03-31,6853,5468347,199.8,0.26
2024-04-01,5730,10049025,202.1,-0.19
2024-04-02,5612,9001721,152.9,-0.45
2024-04-03,5581,9714979,119.9,-0.14
2024-04-04,5628,7671971,193.7,-0.03
2024-04-05,5737,9178237,247.9,0.26
2024-04-06,5590,9358443,232.3,0.27
2024-04-07,5628,9238166,191.1,0.09
2024-04-08,5751,11175229,205.5,0.16
2024-04-09,5722,10279496,182.2,0.14
2024-04-10,5597,12217723,203.2,0.04
2024-04-11,5616,8461214,175.7,0.2
2024-04-12,5665,9667188,174.7,0.09
2024-04-13,5809,11550174,168.0,0.11
2024-04-14,5699,9910317,147.0,0.05
2024-04-15,5772,9006987,185.8,0.3
2024-04-16,5746,8156776,154.1,0.3
2024-04-17,5811,9215900,203.6,-0.16
2024-04-18,5610,8969911,136.5,-0.07
2024-04-19,5604,10362083,170.7,-0.15
2024-04-20,5688,9270627,219.1,-0.12
2024-04-21,5599,10115025,222.2,-0.34
2024-04-22,5699,9398840,208.5,0.22
2024-04-23,5677,8795705,188.3,0.08
2024-04-24,5612,10234734,174.6,-0.19
2024-04-25,5716,7981957,181.0,0.2
2024-04-26,5629,9044510,141.4,-0.14
2024-04-27,5681,8128585,279.2,-0.11
2024-04-28,5669,8684667,239.2,0.01
2024-04-29,5740,10006639,189.2,-0.05
2024-04-30,5761,9636097,134.4,-0.01
2024-05-01,6087,5628287,91.1,-0.18
2024-05-02,6025,5888658,77.4,-0.13
2024-05-03,6175,6535501,84.8,0.02
2024-05-04,6118,5148191,90.4,0.19
2024-05-05,6061,5396763,75.5,0.1
2024-05-06,6009,6112689,65.1,0.3
2024-05-07,6131,4675392,141.7,0.07
2024-05-08,6210,6805666,87.9,0.26
2024-05-09,5933,5427033,109.5,0.19
2024-05-10,5998,6428912,124.7,0.01
2024-05-11,6342,5231068,90.2,0.1
2024-05-12,5997,5601659,55.9,-0.09
2024-05-13,6180,6134052,81.7,-0.05
2024-05-14,5899,7105695,14.0,-0.02
2024-05-15,6049,6467565,78.8,0.5
2024-05-16,5967,5868552,88.1,0.24
2024-05-17,5987,6071872,124.4,-0.08
2024-05-18,6080,5468930,87.1,0.12
2024-05-19,6088,5546733,82.0,0.2
2024-05-20,6193,5612298,141.4,0.25
2024-05-21,5983,8162343,81.6,0.02
2024-05-22,6136,6201473,91.3,-0.17
2024-05-23,6109,5536136,95.9,0.01
2024-05-24,5893,5900012,107.9,0.11
2024-05-25,5893,7024211,99.6,0.19
2024-05-26,6027,6905631,153.7,0.01
2024-05-27,6080,6965936,63.5,0.22
2024-05-28,6046,5920157,85.3,0.28
2024-05-29,5846,5995422,43.4,-0.03
2024-05-30,6220,5643430,86.3,0.21
2024-05-31,6126,5246419,83.6,0.25
2024-06-01,6227,3561246,47.0,-0.24
2024-06-02,6249,2565499,47.4,-0.25
2024-06-03,6234,4276966,35.1,-0.33
2024-06-04,6182,3013385,42.4,0.14
2024-06-05,6028,3398510,46.6,0.2
2024-06-06,5880,4418897,47.0,0.07
2024-06-07,6231,3635079,35.8,0.36
2024-06-08,6164,3862946,46.7,0.32
2024-06-09,6373,3192204,33.5,0.18
2024-06-10,6289,3459695,41.8,-0.24
2024-06-11,6167,2740721,34.9,0.04
2024-06-12,6068,3287593,43.3,0.4
2024-06-13,6165,3526860,34.8,0.26
2024-06-14,6058,3022576,21.6,-0.02
2024-06-15,6153,3773033,37.0,0.06
2024-06-16,6108,3644956,51.3,0.19
2024-06-17,6338,3497529,43.5,0.6
2024-06-18,6085,2967781,35.3,0.14
2024-06-19,6199,3126534,50.2,0.09
2024-06-20,6265,3771532,38.3,0.21
2024-06-21,6157,4692148,48.7,0.2
2024-06-22,6315,4212933,37.3,0.45
2024-06-23,6074,4013043,41.4,0.16
2024-06-24,6261,3709589,36.0,0.34
2024-06-25,6335,3722791,44.7,0.4
2024-06-26,6069,3016350,32.1,0.01
2024-06-27,6180,2976942,42.2,0.06
2024-06-28,6154,3764357,34.6,0.24
2024-06-29,6244,3534553,40.2,0.17
2024-06-30,6177,4039748,63.0,0.13
2024-07-01,6212,3368942,15.9,0.13
2024-07-02,6160,2783480,25.4,0.32
2024-07-03,6279,2366184,17.9,0.31
2024-07-04,6115,3238178,14.1,0.02
2024-07-05,6098,2704925,18.1,-0.08
2024-07-06,6205,3090285,14.7,0.13
2024-07-07,6317,2341754,19.8,0.03
2024-07-08,6280,2669759,18.7,0.06
2024-07-09,6363,3549369,22.3,0.55
2024-07-10,6214,2458521,22.0,0.43
2024-07-11,6471,2866502,19.1,0.41
2024-07-12,6302,3358256,21.4,0.13
2024-07-13,6155,2758848,13.9,0.49
2024-07-14,6387,2556363,19.5,0.42
2024-07-15,6168,2633570,19.3,0.33
2024-07-16,6346,3263329,20.5,0.06
2024-07-17,6325,2693723,22.8,0.03
2024-07-18,6308,3007997,20.5,0.47
2024-07-19,6440,2544699,15.1,0.32
2024-07-20,6318,2886670,23.4,0.25
2024-07-21,6206,2922645,18.6,0.32
2024-07-22,6167,3098902,20.4,0.26
2024-07-23,6256,2905537,18.7,0.11
2024-07-24,6364,2946005,17.0,0.21
2024-07-25,6314,2700726,11.6,-0.1
2024-07-26,6410,3115062,23.2,0.22
2024-07-27,6261,2414475,15.5,0.31
2024-07-28,6355,2341710,15.9,0.11
2024-07-29,6338,2674081,22.1,0.17
2024-07-30,6245,3075567,21.3,0.39
2024-07-31,6284,3151775,25.4,0.31
2024-08-01,6526,2117830,17.9,0.2
2024-08-02,6417,2166508,17.3,0.12
2024-08-03,6318,2530052,12.1,0.24
2024-08-04,6269,2011648,17.2,0.37
2024-08-05,6208,1783616,17.8,0.03
2024-08-06,6367,2369354,21.4,0.48
2024-08-07,6353,2186384,12.1,0.01
2024-08-08,6319,2763246,8.4,0.07
2024-08-09,6379,2688050,21.7,0.03
2024-08-10,6295,2209031,9.2,-0.11
2024-08-11,6307,2431945,16.2,0.17
2024-08-12,6272,2662205,5.7,0.39
2024-08-13,6413,2546027,13.5,0.37
2024-08-14,6275,2378785,19.6,0.26
2024-08-15,6301,2215628,16.9,-0.11
2024-08-16,6455,3221479,18.9,0.03
2024-08-17,6267,2001774,17.9,0.39
2024-08-18,6138,2145959,14.3,0.37
2024-08-19,6375,1909157,18.2,0.27
2024-08-20,6504,2443268,10.8,0.53
2024-08-21,6243,2851036,9.4,-0.13
2024-08-22,6332,2542512,15.7,0.25
2024-08-23,6429,2286262,10.1,-0.04
2024-08-24,6431,2441045,13.6,0.11
2024-08-25,6415,2031911,13.8,0.04
2024-08-26,6261,2446183,17.9,0.58
2024-08-27,6319,3213476,6.7,-0.21
2024-08-28,6084,2743766,11.5,0.31
2024-08-29,6347,2458087,16.0,0.15
2024-08-30,6207,2636087,17.9,0.23
2024-08-31,6299,2830059,20.3,0.36
2024-09-01,6321,5362113,25.7,0.35
2024-09-02,6248,4371800,26.1,0.03
2024-09-03,6269,4595914,19.8,0.27
2024-09-04,6193,5289918,43.4,0.36
2024-09-05,6378,3594952,33.8,0.11
2024-09-06,6278,5070113,40.7,0.33
2024-09-07,6276,4663429,34.1,0.38
2024-09-08,6131,4826824,29.4,0.54
2024-09-09,6291,5332201,38.6,0.14
2024-09-10,6421,4873382,35.6,0.37
2024-09-11,6212,4991856,31.9,0.33
2024-09-12,6314,4340264,32.2,0.13
2024-09-13,6292,4392101,38.6,0.46
2024-09-14,6317,3968910,29.6,0.25
2024-09-15,6306,4366829,27.3,0.38
2024-09-16,6328,5268642,21.9,-0.01
2024-09-17,6484,5101310,26.3,0.06
2024-09-18,6172,4337130,27.2,0.09
2024-09-19,6441,5278704,33.3,0.0
2024-09-20,6420,4816938,16.0,0.36
2024-09-21,6215,4396588,30.8,0.31
2024-09-22,6236,4602710,32.6,0.49
2024-09-23,6140,5201794,20.5,-0.02
2024-09-24,6232,4326698,29.0,0.09
2024-09-25,6365,5471702,32.7,0.31
2024-09-26,6266,5574742,33.6,0.51
2024-09-27,6182,4888091,32.8,-0.11
2024-09-28,6487,5071691,37.3,0.47
2024-09-29,6337,3625248,28.1,0.3
2024-09-30,6318,5427055,29.9,0.27
2024-10-01,6409,4907760,89.5,0.13
2024-10-02,6372,5332873,128.8,0.54
2024-10-03,6426,5488537,76.1,0.43
2024-10-04,6278,4530893,72.3,0.41
2024-10-05,6134,5431801,73.8,0.34
2024-10-06,6248,4790367,75.3,0.05
2024-10-07,6395,5660839,66.1,0.45
2024-10-08,6350,4749273,92.5,0.23
2024-10-09,6362,5521560,90.4,0.31
2024-10-10,6161,5321398,77.9,0.06
2024-10-11,6347,4661601,133.1,0.27
2024-10-12,6398,5196892,84.8,0.18
2024-10-13,6175,6975755,64.4,0.04
2024-10-14,6395,4029148,104.8,0.37
2024-10-15,6312,5182870,66.7,0.29
2024-10-16,6207,5514275,20.6,0.24
2024-10-17,6393,4721287,97.6,-0.19
2024-10-18,6465,5254939,104.5,0.27
2024-10-19,6248,5563420,57.3,0.0
2024-10-20,6266,4536519,85.6,-0.23
2024-10-21,6364,3973600,85.6,-0.09
2024-10-22,6339,5315771,50.7,0.44
2024-10-23,6386,6031124,83.4,0.48
2024-10-24,6389,5432832,68.1,0.45
2024-10-25,6423,5653875,87.5,0.38
2024-10-26,6176,5488574,94.3,0.46
2024-10-27,6250,5420393,99.0,0.09
2024-10-28,6084,4939908,43.6,0.13
2024-10-29,6329,6232256,97.4,0.09
2024-10-30,6193,5568471,84.5,0.14
2024-10-31,6404,4551822,72.0,0.28
2024-11-01,6404,2677052,110.0,0.07
2024-11-02,6251,2938957,276.9,0.1
2024-11-03,6438,3608430,186.0,0.02
2024-11-04,6366,2801098,206.0,0.35
2024-11-05,6300,3046419,197.3,0.24
2024-11-06,6452,3056972,196.9,0.09
2024-11-07,6253,3167817,260.0,0.22
2024-11-08,6330,2955488,145.3,-0.14
2024-11-09,6216,2721407,205.1,0.06
2024-11-10,6370,2592503,134.1,0.42
2024-11-11,6197,3396922,155.8,0.1
2024-11-12,6293,3294394,264.1,0.4
2024-11-13,6389,3144057,126.3,0.17
2024-11-14,6227,3418653,292.7,-0.01
2024-11-15,6181,2698501,210.8,-0.15
2024-11-16,6165,2973660,235.4,0.07
2024-11-17,6447,2666674,265.8,0.06
2024-11-18,6267,2895805,254.4,0.13
2024-11-19,6284,3056653,286.8,0.33
2024-11-20,6260,3728051,182.4,0.43
2024-11-21,6383,2970837,189.9,0.3
2024-11-22,6314,2595981,170.5,-0.02
2024-11-23,6108,3168948,209.0,0.5
2024-11-24,6281,3764462,279.4,-0.11
2024-11-25,6434,2853408,167.0,0.02
2024-11-26,6426,3660976,221.9,0.24
2024-11-27,6404,3656374,211.0,0.19
2024-11-28,6159,2653247,248.0,0.46
2024-11-29,6129,3297353,167.9,0.24
2024-11-30,6206,3088966,210.0,0.37
2024-12-01,6380,1543815,450.3,-0.0
2024-12-02,6357,1331308,170.9,0.51
2024-12-03,6438,1489405,179.2,0.44
2024-12-04,6250,1058861,230.8,0.23
2024-12-05,6441,1533949,164.3,0.24
2024-12-06,6272,1791961,327.4,0.2
2024-12-07,6287,1213450,256.3,0.29
2024-12-08,6455,1577339,327.6,0.35
2024-12-09,6386,1289540,207.4,0.4
2024-12-10,6329,1517864,255.9,0.37
2024-12-11,6310,1496194,287.9,0.16
2024-12-12,6398,1512267,210.1,0.17
2024-12-13,6396,1326985,203.5,0.19
2024-12-14,6288,1302735,185.3,0.01
2024-12-15,6450,1388710,331.4,0.04
2024-12-16,6280,1477004,230.3,0.32
2024-12-17,6251,1213962,175.8,-0.08
2024-12-18,6391,1241109,279.0,-0.05
2024-12-19,6405,1302291,271.0,0.18
2024-12-20,6337,1603231,134.4,0.05
2024-12-21,6440,1175058,261.4,0.39
2024-12-22,6363,1553976,318.8,0.36
2024-12-23,6465,1657855,125.9,-0.04
2024-12-24,6365,1727216,168.0,0.37
2024-12-25,6644,1462927,268.4,0.38
2024-12-26,6208,1620094,283.2,0.2
2024-12-27,6459,1275512,194.0,0.06
2024-12-28,6308,1455910,210.6,0.2
2024-12-29,6371,1409764,380.7,0.41
2024-12-30,6255,1447929,222.5,0.2
2024-12-31,6239,1678857,170.4,0.14
2025-01-01,6329,1677911,318.3,0.19
2025-01-02,6459,1927352,476.4,0.28
2025-01-03,6370,1379549,316.7,0.08
2025-01-04,6588,1567717,257.3,0.36
